{"id":202,"name":"LP","category_name":"Other","isAnimation":false,"body":{"icons":[[[[1,1,1,1],[1,1,1,1],[0,0,0,0],[0,0,0,0],[0,0,0,0],[0,0,0,0],[1,1,1,1],[1,1,1,1]],[[1,1,1,1],[0,0,0,0],[1,1,1,1],[0,0,0,0],[1,1,1,1],[1,1,1,1],[0,0,0,0],[1,1,1,1]],[[1,1,1,1],[0,0,0,0],[1,1,1,1],[0,0,0,0],[1,1,1,1],[1,1,1,1],[0,0,0,0],[1,1,1,1]],[[1,1,1,1],[0,0,0,0],[1,1,1,1],[0,0,0,0],[1,1,1,1],[1,1,1,1],[0,0,0,0],[1,1,1,1]],[[1,1,1,1],[0,0,0,0],[1,1,1,1],[0,0,0,0],[0,0,0,0],[1,1,1,1],[0,0,0,0],[1,1,1,1]],[[1,1,1,1],[0,0,0,0],[1,1,1,1],[1,1,1,1],[0,0,0,0],[1,1,1,1],[0,0,0,0],[1,1,1,1]],[[1,1,1,1],[0,0,0,0],[0,0,0,0],[0,0,0,0],[0,0,0,0],[0,0,0,0],[0,0,0,0],[1,1,1,1]],[[1,1,1,1],[1,1,1,1],[0,0,0,0],[0,0,0,0],[0,0,0,0],[0,0,0,0],[1,1,1,1],[1,1,1,1]]]],"delays":[]}}