{"id":281,"name":"QR code","category_name":"Indicators & Notifications","isAnimation":false,"body":{"icons":[[[[0,0,0,0],[0,0,0,0],[0,0,0,0],[1,1,1,1],[1,1,1,1],[0,0,0,0],[0,0,0,0],[0,0,0,0]],[[0,0,0,0],[1,1,1,1],[0,0,0,0],[1,1,1,1],[1,1,1,1],[0,0,0,0],[1,1,1,1],[0,0,0,0]],[[0,0,0,0],[0,0,0,0],[0,0,0,0],[1,1,1,1],[1,1,1,1],[0,0,0,0],[0,0,0,0],[0,0,0,0]],[[1,1,1,1],[1,1,1,1],[1,1,1,1],[1,1,1,1],[1,1,1,1],[1,1,1,1],[1,1,1,1],[1,1,1,1]],[[1,1,1,1],[1,1,1,1],[1,1,1,1],[1,1,1,1],[0,0,0,0],[0,0,0,0],[1,1,1,1],[0,0,0,0]],[[0,0,0,0],[0,0,0,0],[0,0,0,0],[1,1,1,1],[1,1,1,1],[1,1,1,1],[0,0,0,0],[1,1,1,1]],[[0,0,0,0],[1,1,1,1],[0,0,0,0],[1,1,1,1],[0,0,0,0],[1,1,1,1],[0,0,0,0],[1,1,1,1]],[[0,0,0,0],[0,0,0,0],[0,0,0,0],[1,1,1,1],[1,1,1,1],[0,0,0,0],[1,1,1,1],[0,0,0,0]]]],"delays":[]}}