{"id":305,"name":"github","category_name":"Logos","isAnimation":false,"body":{"icons":[[[[0,0,0,0],[0,0,0,0],[1,1,1,1],[0,0,0,0],[0,0,0,0],[0,0,0,0],[1,1,1,1],[0,0,0,0]],[[0,0,0,0],[1,1,1,1],[1,1,1,1],[1,1,1,1],[1,1,1,1],[1,1,1,1],[1,1,1,1],[1,1,1,1]],[[0,0,0,0],[1,1,1,1],[0,0,0,0],[1,1,1,1],[1,1,1,1],[1,1,1,1],[0,0,0,0],[1,1,1,1]],[[0,0,0,0],[1,1,1,1],[1,1,1,1],[1,1,1,1],[1,1,1,1],[1,1,1,1],[1,1,1,1],[1,1,1,1]],[[0.8,0.8,0.8,1],[0,0,0,0],[0,0,0,0],[1,1,1,1],[1,1,1,1],[1,1,1,1],[0,0,0,0],[0,0,0,0]],[[0,0,0,0],[0.8,0.8,0.8,1],[1,1,1,1],[1,1,1,1],[1,1,1,1],[1,1,1,1],[1,1,1,1],[0,0,0,0]],[[0,0,0,0],[1,1,1,1],[0,0,0,0],[1,1,1,1],[0,0,0,0],[1,1,1,1],[0,0,0,0],[1,1,1,1]],[[0,0,0,0],[1,1,1,1],[0,0,0,0],[1,1,1,1],[0,0,0,0],[1,1,1,1],[0,0,0,0],[1,1,1,1]]]],"delays":[]}}