{"id":34,"name":"Dollar","category_name":"Letters & Numbers","isAnimation":false,"body":{"icons":[[[[0,0,0,0],[0,0,0,0],[0,0,0,0],[0,1,0,1],[0,0,0,0],[0,0,0,0],[0,0,0,0],[0,0,0,0]],[[0,0,0,0],[0,0,0,0],[0,1,0,1],[0,1,0,1],[0,1,0,1],[0,0,0,0],[0,0,0,0],[0,0,0,0]],[[0,0,0,0],[0,1,0,1],[0,0,0,0],[0,1,0,1],[0,0,0,0],[0,1,0,1],[0,0,0,0],[0,0,0,0]],[[0,0,0,0],[0,0,0,0],[0,1,0,1],[0,1,0,1],[0,0,0,0],[0,0,0,0],[0,0,0,0],[0,0,0,0]],[[0,0,0,0],[0,0,0,0],[0,0,0,0],[0,1,0,1],[0,1,0,1],[0,0,0,0],[0,0,0,0],[0,0,0,0]],[[0,0,0,0],[0,1,0,1],[0,0,0,0],[0,1,0,1],[0,0,0,0],[0,1,0,1],[0,0,0,0],[0,0,0,0]],[[0,0,0,0],[0,0,0,0],[0,1,0,1],[0,1,0,1],[0,1,0,1],[0,0,0,0],[0,0,0,0],[0,0,0,0]],[[0,0,0,0],[0,0,0,0],[0,0,0,0],[0,1,0,1],[0,0,0,0],[0,0,0,0],[0,0,0,0],[0,0,0,0]]]],"delays":[]}}