{"id":37,"name":"Apple logo","category_name":"Logos","isAnimation":false,"body":{"icons":[[[[0,0,0,0],[0,0,0,0],[0,0,0,0],[0,0,0,0],[0,0,0,0],[1,1,1,1],[0,0,0,0],[0,0,0,0]],[[0,0,0,0],[0,0,0,0],[0,0,0,0],[0,0,0,0],[1,1,1,1],[0,0,0,0],[0,0,0,0],[0,0,0,0]],[[0,0,0,0],[0,0,0,0],[1,1,1,1],[1,1,1,1],[1,1,1,1],[1,1,1,1],[0,0,0,0],[0,0,0,0]],[[0,0,0,0],[1,1,1,1],[1,1,1,1],[1,1,1,1],[1,1,1,1],[1,1,1,1],[1,1,1,1],[0,0,0,0]],[[0,0,0,0],[1,1,1,1],[1,1,1,1],[1,1,1,1],[1,1,1,1],[1,1,1,1],[0,0,0,0],[0,0,0,0]],[[0,0,0,0],[1,1,1,1],[1,1,1,1],[1,1,1,1],[1,1,1,1],[1,1,1,1],[0,0,0,0],[0,0,0,0]],[[0,0,0,0],[1,1,1,1],[1,1,1,1],[1,1,1,1],[1,1,1,1],[1,1,1,1],[1,1,1,1],[0,0,0,0]],[[0,0,0,0],[0,0,0,0],[1,1,1,1],[1,1,1,1],[1,1,1,1],[1,1,1,1],[0,0,0,0],[0,0,0,0]]]],"delays":[]}}