{"id":44,"name":"Kickstarter","category_name":"Logos","isAnimation":false,"body":{"icons":[[[[0,0,0,0],[0,0,0,0],[0,0,0,0],[0,0,0,0],[0,0,0,0],[0,0,0,0],[0,0,0,0],[0,0,0,0]],[[0,0,0,0],[0,1,0,1],[0,1,0,1],[0,0,0,0],[0,0,0,0],[0,1,0,1],[0,1,0,1],[0,0,0,0]],[[0,0,0,0],[0,1,0,1],[0,1,0,1],[0,0,0,0],[0,1,0,1],[0,1,0,1],[0,0,0,0],[0,0,0,0]],[[0,0,0,0],[0,1,0,1],[0,1,0,1],[0,1,0,1],[0,1,0,1],[0,0,0,0],[0,0,0,0],[0,0,0,0]],[[0,0,0,0],[0,1,0,1],[0,1,0,1],[0,1,0,1],[0,1,0,1],[0,0,0,0],[0,0,0,0],[0,0,0,0]],[[0,0,0,0],[0,1,0,1],[0,1,0,1],[0,0,0,0],[0,1,0,1],[0,1,0,1],[0,0,0,0],[0,0,0,0]],[[0,0,0,0],[0,1,0,1],[0,1,0,1],[0,0,0,0],[0,0,0,0],[0,1,0,1],[0,1,0,1],[0,0,0,0]],[[0,0,0,0],[0,0,0,0],[0,0,0,0],[0,0,0,0],[0,0,0,0],[0,0,0,0],[0,0,0,0],[0,0,0,0]]]],"delays":[]}}