{"id":540,"name":"P","category_name":"Letters & Numbers","isAnimation":false,"body":{"icons":[[[[0,0,0,0],[0,0,0,0],[0,0,0,0],[0,0,0,0],[0,0,0,0],[0,0,0,0],[0,0,0,0],[0,0,0,0]],[[0,0,0,0],[1,1,1,1],[1,1,1,1],[1,1,1,1],[0,0,0,0],[0,0,0,0],[0,0,0,0],[0,0,0,0]],[[0,0,0,0],[1,1,1,1],[0,0,0,0],[0,0,0,0],[1,1,1,1],[0,0,0,0],[0,0,0,0],[0,0,0,0]],[[0,0,0,0],[1,1,1,1],[0,0,0,0],[0,0,0,0],[1,1,1,1],[0,0,0,0],[0,0,0,0],[0,0,0,0]],[[0,0,0,0],[1,1,1,1],[1,1,1,1],[1,1,1,1],[0,0,0,0],[0,0,0,0],[0,0,0,0],[0,0,0,0]],[[0,0,0,0],[1,1,1,1],[0,0,0,0],[0,0,0,0],[0,0,0,0],[0,0,0,0],[0,0,0,0],[0,0,0,0]],[[0,0,0,0],[1,1,1,1],[0,0,0,0],[0,0,0,0],[0,0,0,0],[0,0,0,0],[0,0,0,0],[0,0,0,0]],[[0,0,0,0],[0,0,0,0],[0,0,0,0],[0,0,0,0],[0,0,0,0],[0,0,0,0],[0,0,0,0],[0,0,0,0]]]],"delays":[]}}