{"id":586,"name":"lotum","category_name":"Other","isAnimation":false,"body":{"icons":[[[[1,1,1,1],[1,1,1,1],[0,0,0,0],[0,0,0,0],[0,0,0,0],[1,1,1,1],[1,1,1,1],[0,0,0,0]],[[0,0,0,0],[1,1,1,1],[1,1,1,1],[0,0,0,0],[1,1,1,1],[1,1,1,1],[0,0,0,0],[0,0,0,0]],[[0,0,0,0],[1,1,1,1],[1,1,1,1],[1,1,1,1],[1,1,1,1],[1,1,1,1],[0,0,0,0],[1,1,1,1]],[[0,0,0,0],[0,0,0,0],[1,1,1,1],[1,1,1,1],[1,1,1,1],[0,0,0,0],[1,1,1,1],[1,1,1,1]],[[0,0,0,0],[1,1,1,1],[1,1,1,1],[1,1,1,1],[1,1,1,1],[1,1,1,1],[1,1,1,1],[0,0,0,0]],[[0,0,0,0],[1,1,1,1],[1,1,1,1],[1,1,1,1],[1,1,1,1],[1,1,1,1],[1,1,1,1],[0,0,0,0]],[[0,0,0,0],[0,0,0,0],[1,1,1,1],[1,1,1,1],[1,1,1,1],[1,1,1,1],[0,0,0,0],[0,0,0,0]],[[0,0,0,0],[0,0,0,0],[0,0,0,0],[1,1,1,1],[1,1,1,1],[0,0,0,0],[0,0,0,0],[0,0,0,0]]]],"delays":[]}}