{"id":59,"name":"Confirm","category_name":"Indicators & Notifications","isAnimation":false,"body":{"icons":[[[[0,0,0,0],[0,0,0,0],[0,0,0,0],[0,0,0,0],[0,0,0,0],[0,0,0,0],[0,0,0,0],[0,0,0,0]],[[0,0,0,0],[0,0,0,0],[0,0,0,0],[0,0,0,0],[0,0,0,0],[0,0,0,0],[0,1,0,1],[0,0,0,0]],[[0,0,0,0],[0,0,0,0],[0,0,0,0],[0,0,0,0],[0,0,0,0],[0,1,0,1],[0,1,0,1],[0,0,0,0]],[[0,0,0,0],[0,0,0,0],[0,0,0,0],[0,0,0,0],[0,1,0,1],[0,1,0,1],[0,0,0,0],[0,0,0,0]],[[0,0,0,0],[0,1,0,1],[0,0,0,0],[0,1,0,1],[0,1,0,1],[0,0,0,0],[0,0,0,0],[0,0,0,0]],[[0,0,0,0],[0,1,0,1],[0,1,0,1],[0,1,0,1],[0,0,0,0],[0,0,0,0],[0,0,0,0],[0,0,0,0]],[[0,0,0,0],[0,0,0,0],[0,1,0,1],[0,0,0,0],[0,0,0,0],[0,0,0,0],[0,0,0,0],[0,0,0,0]],[[0,0,0,0],[0,0,0,0],[0,0,0,0],[0,0,0,0],[0,0,0,0],[0,0,0,0],[0,0,0,0],[0,0,0,0]]]],"delays":[]}}