{"id":691,"name":"Train","category_name":"Other","isAnimation":false,"body":{"icons":[[[[0,0,0,0],[0,0,0,0],[0,0,0,0],[1,1,1,1],[1,1,1,1],[0,0,0,0],[0,0,0,0],[0,0,0,0]],[[0,0,0,0],[0,0,0,0],[1,1,1,1],[0,0,0,0],[0,0,0,0],[1,1,1,1],[0,0,0,0],[0,0,0,0]],[[0,0,0,0],[0,0,0,0],[1,1,1,1],[1,1,1,1],[1,1,1,1],[1,1,1,1],[0,0,0,0],[0,0,0,0]],[[0,0,0,0],[1,1,1,1],[0,0,0,0],[0,0,0,0],[0,0,0,0],[0,0,0,0],[1,1,1,1],[0,0,0,0]],[[0,0,0,0],[1,1,1,1],[1,1,1,1],[1,1,1,1],[1,1,1,1],[1,1,1,1],[1,1,1,1],[0,0,0,0]],[[1,1,1,1],[0,0,0,0],[0,0,0,0],[0,0,0,0],[0,0,0,0],[0,0,0,0],[0,0,0,0],[1,1,1,1]],[[1,1,1,1],[1,1,1,1],[1,1,1,1],[1,1,1,1],[1,1,1,1],[1,1,1,1],[1,1,1,1],[1,1,1,1]],[[1,1,1,1],[0,0,0,0],[0,0,0,0],[0,0,0,0],[0,0,0,0],[0,0,0,0],[0,0,0,0],[1,1,1,1]]]],"delays":[]}}