{"id":736,"name":"tak french lenguage","category_name":"Letters & Numbers","isAnimation":false,"body":{"icons":[[[[0,0,0,0],[0,0,0,0],[0,0,0,0],[0,0,0,0],[0,0,0,0],[0,0,0,0],[0,0,0,0],[0,0,0,0]],[[0,0,0,0],[0,0,0,0],[1,1,1,1],[1,1,1,1],[0,0,0,0],[1,1,1,1],[0,0,0,0],[0,0,0,0]],[[0,0,0,0],[1,1,1,1],[0,0,0,0],[0,0,0,0],[0,0,0,0],[1,1,1,1],[0,0,0,0],[0,0,0,0]],[[0,0,0,0],[0,0,0,0],[1,1,1,1],[0,0,0,0],[0,0,0,0],[1,1,1,1],[0,0,0,0],[0,0,0,0]],[[0,0,0,0],[0,0,0,0],[0,0,0,0],[1,1,1,1],[0,0,0,0],[1,1,1,1],[0,0,0,0],[0,0,0,0]],[[0,0,0,0],[1,1,1,1],[1,1,1,1],[0,0,0,0],[0,0,0,0],[1,1,1,1],[0,0,0,0],[0,0,0,0]],[[0,0,0,0],[0,0,0,0],[0,0,0,0],[0,0,0,0],[0,0,0,0],[0,0,0,0],[0,0,0,0],[0,0,0,0]],[[0,0,0,0],[0,0,0,0],[0,0,0,0],[0,0,0,0],[0,0,0,0],[0,0,0,0],[0,0,0,0],[0,0,0,0]]]],"delays":[]}}